"Numero.placette";"Massif";"elev.buff";"slope.buff";"northness.buff";"vrm.buff";"dist.linear";"strava.buff";"Tirs";"vis.buff";"geometry"
"2-002";"SW BAUGES";1228,6771552197;28,0279011338109;-0,081505436062821;0,000160698065095127;83,9692731873823;0,643326891317334;3;6498;c(940378.210846163, 6513800.51964512)
"2-003";"SW BAUGES";1165,15391704962;27,3263814347247;-0,382993194272165;0,000107083631035434;267,290475808847;0,459077269053726;2;13780;c(940590.00890833, 6513798.6952222)
"2-004";"SW BAUGES";1246,8168443046;30,4086887618891;0,0910717622912738;0,000200550853126411;53,4352632106696;0,652487761822508;0;3586;c(940164.588410383, 6513590.5459907)
"2-008";"SW BAUGES";930,398698276764;22,6216562469338;-0,394050772975178;5,7573332683281e-05;127,416322999247;0,354410898680111;1;25774;c(941011.780520331, 6513583.24823897)
"2-009";"SW BAUGES";1253,97287970195;32,00785767118;0,215661993876763;0,000222670678693243;37,8251287347385;0,717821858717667;0;4539;c(939950.966042101, 6513380.57233257)
"2-010";"SW BAUGES";1246,60568752129;29,5755449320409;-0,115260010395513;0,000204047382352483;21,6688921035808;0,621620633968013;0;5266;c(940162.764040485, 6513378.74798086)
"2-014";"SW BAUGES";896,479116157852;21,7189890327564;-0,392267284512795;6,3109039473165e-05;36,2664285763649;6,80714145162197;1;19476;c(941009.956015441, 6513371.45023657)
"2-017";"SW BAUGES";1276,29714432338;30,7368758794372;0,0231266835800585;0,000221460897792157;68,3689989724766;0,770673600618433;2;1280;c(939949.141707807, 6513168.77435462)
"2-018";"SW BAUGES";1223,9255051595;28,7897516299753;-0,249266136530144;0,000193014766140758;14,5703324262469;0,592055645896902;2;11074;c(940160.939672444, 6513166.95000477)
"2-020";"SW BAUGES";1024,31537332369;24,9310420036846;-0,388514208824433;7,41308480176428e-05;298,189185274073;0,281245607821311;3;20223;c(940584.535596147, 6513163.30120383)
"2-023";"SW BAUGES";790,701170682836;19,5633234598276;-0,312660644798447;7,08277838984704e-05;23,046597506887;14,8344907553813;0;13508;c(941219.929467754, 6513157.82774933)
"2-026";"SW BAUGES";1183,70308987724;28,628942193766;-0,386909587074465;0,000153177336812801;51,883699242404;0,521910233958403;3;11064;c(940159.11530626, 6512955.15206243)
"2-028";"SW BAUGES";986,369858788347;23,4606266634747;-0,407987717922899;6,7568141239696e-05;147,701702209719;0,377939099207995;2;18804;c(940582.711162471, 6512951.50326521)
"2-030";"SW BAUGES";830,0904798864;20,3969592827102;-0,392297839307697;6,6673602450193e-05;52,4796199921394;13,5177860890562;0;11018;c(941006.307011246, 6512947.854333)
"2-032";"SW BAUGES";1238,81585846905;27,7535492576183;-0,348324949264286;0,000149043895234832;7,60914115621076;0,655471255773161;1;7494;c(939945.493044787, 6512745.17849996)
"2-034";"SW BAUGES";1036,19647143135;25,2753544024477;-0,402513795603896;9,84708912335329e-05;164,188064465952;0,390341944850869;3;15182;c(940369.088837223, 6512741.52977394)
"2-035";"SW BAUGES";950,68428902755;22,5777803486203;-0,399339895165231;6,04977267593767e-05;5,48257407518654;0,379921434143119;2;14796;c(940580.886730655, 6512739.70536032)
"2-036";"SW BAUGES";872,318985188697;21,3185539981504;-0,382427658914789;5,48622818442121e-05;32,3372048546408;11,7846555388144;0;13520;c(940792.684622228, 6512737.88091295)
"2-039";"SW BAUGES";1282,16626905288;27,801615358665;-0,230486030619081;0,000155433243700709;71,7889512287404;0,614272964292993;3;2885;c(939731.870850801, 6512535.20493379)
"2-040";"SW BAUGES";1187,09665098489;29,0497312897891;-0,48292507711439;0,00011219987076536;48,3048882506073;0,556316123110743;3;14118;c(939943.668716059, 6512533.38062325)
"2-041";"SW BAUGES";1085,74859355136;26,3824808627613;-0,449920908919639;9,80475107029025e-05;155,112641729945;0,542803492418663;4;19593;c(940155.466579462, 6512531.55627897)
"2-042";"SW BAUGES";998,328480070353;23,3811713720592;-0,400457696127038;8,32300261752632e-05;19,6338786740932;0,360285219121994;4;13995;c(940367.264441008, 6512529.73190095)
"2-044";"SW BAUGES";843,729883025189;18,9655888485015;-0,336230357774894;4,86572246107095e-05;2,22155775067148;16,4260261380216;1;17678;c(940790.860158527, 6512526.08304367)
"2-045";"SW BAUGES";1341,85520050956;29,6155418684156;0,248872204835073;0,000252434341376558;175,667646950098;0,561633246239236;0;3522;c(939306.450889079, 6512327.05560511)
"2-050";"SW BAUGES";963,810836551829;21,644032246045;-0,391592997840024;7,26932752738834e-05;44,2726246232998;0,342022080267606;2;16812;c(940365.440046652, 6512317.93406169)
"2-052";"SW BAUGES";1360,98951252691;28,2647847251281;-0,0158172240837088;0,000197148932264271;86,242229096637;0,575634444994153;0;4313;c(939304.626665287, 6512115.25779033)
"2-054";"SW BAUGES";1187,57074552946;29,1810818525957;-0,396206400361196;8,37291156345953e-05;135,113029283547;0,298618372969022;1;15285;c(939728.222266396, 6512111.60927789)
"2-055";"SW BAUGES";1086,34259794134;25,1386965381811;-0,39127688384031;7,47927386521347e-05;8,57292627206502;0,422871985303729;7;24072;c(939940.02006417, 6512109.78497106)
"2-056";"SW BAUGES";1005,51073700245;20,2151057423439;-0,377209525921543;6,70350507739101e-05;4,7722722570043;0,435513908351476;1;22723;c(940151.817860089, 6512107.96063049)
"2-058";"SW BAUGES";864,872857281378;18,2815654150442;-0,295198440890931;5,89843762813889e-05;165,195438858379;15,7572397973812;1;18035;c(940575.413446357, 6512104.31184813)
"2-060";"SW BAUGES";1341,75807988292;27,1916422312793;-0,273538494983306;0,000120992486378484;25,6557991110174;0,489536702708553;0;4516;c(939302.802443346, 6511903.46000929)
"2-062";"SW BAUGES";1143,67967282632;26,6090516607883;-0,373849103423098;7,22030802083178e-05;52,5707916796351;0,271343378819587;1;14489;c(939726.397976975, 6511899.81150056)
"2-063";"SW BAUGES";1052,4657982101;22,3700684384769;-0,331263288386587;6,00015079888106e-05;85,8625513115612;0,318631322998215;7;25534;c(939938.195741009, 6511897.98719558)
"2-064";"SW BAUGES";978,128339955559;18,8473505666903;-0,34755384983855;5,95093455704813e-05;6,16840320982895;0,289607279289611;1;17743;c(940149.993503188, 6511896.16285686)
"2-066";"SW BAUGES";847,270649378298;16,5798858430831;-0,193518674641496;6,19514480164792e-05;88,8845314500254;15,2270256823251;1;19779;c(940573.589021976, 6511892.51407822)
"2-067";"SW BAUGES";1404,25389135695;28,6981578847986;0,100473410119351;0,000291641859243046;181,539600677522;0,679209587941704;0;2536;c(938877.382749701, 6511695.31063206)
"2-070";"SW BAUGES";1196,65178655219;27,211344099655;-0,453131201940658;7,77803736243465e-05;102,13781010573;0,31660873635077;0;16058;c(939512.775957258, 6511689.83802634)
"2-071";"SW BAUGES";1105,39542708487;23,266874686331;-0,385607327638143;6,00165938993361e-05;55,1778109468927;0,256068781633494;0;17679;c(939724.573689407, 6511688.01375696)
"2-073";"SW BAUGES";956,557947821245;18,3130432521356;-0,310802070556507;5,64948064159061e-05;63,1618924096867;0,245462927564261;6;13578;c(940148.169148142, 6511684.36511698)
"2-074";"SW BAUGES";890,497627335771;17,5331300044163;-0,286732029802565;5,61795644385934e-05;54,1837057879027;10,2805662064003;6;16344;c(940359.966874725, 6511682.54074638)
"2-077";"SW BAUGES";1402,89618459336;26,6050124444865;-0,232138440181576;0,000160180393354;54,3505643391636;0,760838704780752;1;12556;c(938875.55859894, 6511483.51291479)
"2-079";"SW BAUGES";1237,47329208366;26,5576870729637;-0,500515324084624;7,71064996762218e-05;176,305933797781;0,396553687006753;3;13850;c(939299.154005019, 6511479.86454842)
"2-080";"SW BAUGES";1149,94374439011;23,5035141251943;-0,436491542115938;6,51745754268207e-05;16,825875544327;0,283034010125173;1;28906;c(939510.951705282, 6511478.04031463)
"2-081";"SW BAUGES";1072,29249401385;20,4662052949469;-0,385763343814422;5,06687407540709e-05;0,428335826999898;0,260038735393412;1;19505;c(939722.749403692, 6511476.2160471)
"2-082";"SW BAUGES";1001,08938041857;18,9279904157667;-0,310258444925587;4,55718149199696e-05;92,1661847995504;0,241628472119738;2;15196;c(939934.547100249, 6511474.39174583)
"2-086";"SW BAUGES";1436,65054661008;26,4236134051581;-0,198920341738715;0,000193072101766629;111,532205426353;1,2996555150619;1;13482;c(938661.936777951, 6511273.539362)
"2-087";"SW BAUGES";1363,3591177669;26,0863900870488;-0,465922122088236;0,000122813343812186;69,440616611299;0,959257593433314;1;17935;c(938873.734450027, 6511271.71523127)
"2-089";"SW BAUGES";1190,34439279623;23,0732588874451;-0,438532237012411;6,53005192886032e-05;96,8412443334784;0,292099929441066;3;27294;c(939297.329788632, 6511268.06686859)
"2-092";"SW BAUGES";983,503365342278;17,2858296914276;-0,182766467256718;3,81825059453599e-05;76,6678293940993;0,284814956927994;2;24631;c(939932.722782652, 6511262.59407157)
"2-096";"SW BAUGES";1403,74859219049;24,9744199730655;-0,430666890954727;0,000136143566083684;1,0610046470257;1,50588473398529;3;16277;c(938660.112664623, 6511061.74171036)
"2-098";"SW BAUGES";1230,4144096542;23,0400277270123;-0,416169788804109;6,95113159594875e-05;110,67306322727;2,07092330158355;3;12715;c(939083.707939454, 6511058.09341886)
"2-100";"SW BAUGES";1093,20001857134;16,4938874274386;-0,219187770736541;3,75324574150978e-05;47,2415684923892;1,36343001225587;0;23894;c(939507.303206886, 6511054.44499241)
"2-104";"SW BAUGES";854,311881207215;15,9813141087002;0,0177649355341049;7,8846557367611e-05;51,0801967517799;14,8635596376694;1;19812;c(940354.493719513, 6511047.14773471)
"2-106";"SW BAUGES";1494,49725751834;27,2137878915798;-0,0125759682923495;0,000275948244409364;279,000603922023;1,00035980222122;14;7752;c(938234.693338391, 6510853.59224533)
"2-107";"SW BAUGES";1446,56342727521;23,5950961788563;-0,332867546931424;0,00017723185151308;81,9260787264063;1,54636788746727;6;10949;c(938446.49094669, 6510851.76818576)
"2-108";"SW BAUGES";1362,22092864728;24,3555952796277;-0,369029485812985;9,64028362613972e-05;41,2541809785537;1,56004126528123;0;16913;c(938658.288553142, 6510849.94409246)
"2-110";"SW BAUGES";1199,83800112923;19,6291835126958;-0,21573937798975;6,03236245176013e-05;44,1517933623304;4,00726638978489;0;24768;c(939081.883760503, 6510846.29580466)
"2-111";"SW BAUGES";1137,54110371105;15,7771041481046;-0,121950694543437;4,49734629784652e-05;3,3705887561433;4,85384520238721;0;18629;c(939293.68136141, 6510844.47161015)
"2-112";"SW BAUGES";1084,76701490653;14,7038428500855;-0,0468846787570391;3,59075534718134e-05;10,0225403018257;3,86111903660924;0;16751;c(939505.478960466, 6510842.64738192)
"2-114";"SW BAUGES";974,678489236461;16,1617762168888;0,0917356452334867;3,35458050234537e-05;28,947213327643;0,407129896287051;4;19922;c(939929.07415302, 6510838.99882424)
"2-115";"SW BAUGES";911,071227139009;16,7587472298447;0,0499855627672747;6,5341476081768e-05;30,0714803472254;10,8857181008068;0;17550;c(940140.871746516, 6510837.1744948)
"2-121";"SW BAUGES";1259,08032370328;19,8760556674342;-0,0481686908397254;6,54880480505506e-05;32,265643435339;2,27086624576238;0;20739;c(938868.26201438, 6510636.32238311)
"2-122";"SW BAUGES";1191,56444369798;17,2281878357435;0,101741431338679;4,75340671918717e-05;37,3121843591134;5,1954695522258;0;29138;c(939080.059583403, 6510634.49822419)
"2-124";"SW BAUGES";1089,6053271105;13,7719910361004;0,135451191399735;3,93902208116588e-05;1,54390174018604;6,32503485613412;0;14119;c(939503.654715898, 6510630.84980515)
"2-127";"SW BAUGES";915,759878402179;17,8249075931027;0,0677934031385006;6,86191417872543e-05;27,8819379305261;12,1578502778723;0;12558;c(940139.047400748, 6510625.37692359)
"2-128";"SW BAUGES";883,284518518444;16,7884448674827;0,0936682371081068;8,20542831712166e-05;48,4576347373703;14,7378283259872;0;17683;c(940250.94045044, 6510624.41311427)
"2-129";"SW BAUGES";1565,97605538318;27,0853633497763;0,052445944023402;0,000492204971990118;448,90209327884;0,790088406021167;2;6081;c(937907.35467107, 6510432.78474622)
"2-134";"SW BAUGES";1261,51220461998;17,1462212824643;0,206000847364898;5,03783273389701e-05;145,825757620834;0,968025445836238;1;26982;c(938866.437872861, 6510424.52483452)
"2-135";"SW BAUGES";1203,14274093839;15,7032022373593;0,325974343845074;3,7770513204684e-05;124,127888554588;3,79723364990393;0;15478;c(939078.235408151, 6510422.70067745)
"2-136";"SW BAUGES";1151,0169844929;14,8342799284876;0,296503784756363;3,92755871468689e-05;57,5944098903116;5,99292020223175;3;16981;c(939290.032941592, 6510420.87648665)
"2-137";"SW BAUGES";1101,2205027298;14,0274930307623;0,214460539167434;3,94728351803506e-05;8,41872782751715;5,220906796051;0;17849;c(939501.830473182, 6510419.05226211)
"2-141";"SW BAUGES";1587,24202954207;25,3780822264567;-0,0594909131169487;0,000367559810901372;423,924969094044;0,688396895494194;1;7493;c(937793.637659295, 6510221.95083334)
"2-144";"SW BAUGES";1454,60380248338;19,9040247020775;-0,116928989261762;6,21875321815076e-05;67,9542034796719;4,00471688168582;1;19822;c(938229.221217429, 6510218.19958296)
"2-149";"SW BAUGES";1171,39585699848;16,069795738729;0,319232544268921;3,84509546204824e-05;102,90634446067;3,93961115351045;3;14631;c(939288.208734458, 6510209.0789755)
"2-150";"SW BAUGES";1115,58096092322;15,0885698992069;0,234097018921453;3,8300002584556e-05;36,3497582051601;4,97998293728821;1;17757;c(939500.006232317, 6510207.25475281)
"2-151";"SW BAUGES";1058,14606095802;16,2821743030235;0,15037611900553;4,06083464648139e-05;40,5506495561415;3,61796846340994;1;17782;c(939711.803728325, 6510205.4304964)
"2-152";"SW BAUGES";995,946610674441;17,6915079276118;0,0887770686900141;4,4896041571501e-05;86,3603853587416;6,31780713331;0;9137;c(939923.601222479, 6510203.60620625)
"2-153";"SW BAUGES";925,105154748703;18,8073148485574;0,0254684021630884;8,15284890600694e-05;18,7364910254042;15,6741970531559;2;13207;c(940135.398714779, 6510201.78188238)
"2-158";"SW BAUGES";1443,81434262155;16,3395664099279;-0,0698227756484014;5,358044670202e-05;10,7089304246314;8,48259344891319;0;28364;c(938227.397180797, 6510006.4020963)
"2-161";"SW BAUGES";1299,00117740516;14,3977122509181;0,34505278277855;4,02615734469414e-05;56,9975957740115;2,0775204258184;0;13966;c(938862.789595367, 6510000.92983855)
"2-162";"SW BAUGES";1247,4155795434;15,3843423385969;0,355005764717502;3,36073872058384e-05;136,309519817708;5,29333187157928;1;17874;c(939074.587063196, 6509999.10568518)
"2-163";"SW BAUGES";1189,58843605081;16,8633018878416;0,265775682367002;3,64635214879943e-05;72,9488592446204;4,01643941129591;0;12440;c(939286.384529176, 6509997.28149807)
"2-164";"SW BAUGES";1128,7885744161;16,1366250960823;0,199779419728189;3,54046869628894e-05;123,338662127824;2,95575688917999;0;18853;c(939498.181993305, 6509995.45727724)
"2-167";"SW BAUGES";926,09296184499;19,5656778057946;-0,0218747964223166;7,62955964855948e-05;10,5487894165731;19,0310384231025;0;12949;c(940133.574374577, 6509989.98441237)
"2-170";"SW BAUGES";1544,93757934778;19,269936901082;-0,401629579412599;8,95378097616655e-05;272,454795749978;2,71129411301703;1;11782;c(937801.978261198, 6509798.25264287)
"2-171";"SW BAUGES";1484,61752888945;16,6935717312137;-0,223213643946616;6,64689476753619e-05;76,9385708000849;12,1087014575047;0;24644;c(938013.775704525, 6509796.42865998)
"2-172";"SW BAUGES";1433,44108344749;12,8676006431116;-0,0680466131315216;5,18936227676934e-05;12,9798871309048;21,4178391020433;0;14462;c(938225.57314601, 6509794.60464337)
"2-173";"SW BAUGES";1395,36074768266;10,30541544225;0,074006420928806;4,40828079154561e-05;11,6747358974358;19,8358370063866;0;12935;c(938437.37058565, 6509792.78059303)
"2-174";"SW BAUGES";1359,19239451437;11,040511671878;0,255084044164072;3,99426371028786e-05;47,8550495300199;10,2687618763844;0;15679;c(938649.168023444, 6509790.95650896)
"2-175";"SW BAUGES";1316,59331752593;13,3360266843018;0,284994400037369;3,89432950135718e-05;92,5313213381988;7,97163457484188;0;15244;c(938860.965459392, 6509789.13239116)
"2-176";"SW BAUGES";1265,66095792767;15,273235841446;0,275959086870594;3,56817168567064e-05;59,0075167483151;7,27313870008377;1;13538;c(939072.762893492, 6509787.30823964)
"2-178";"SW BAUGES";1140,16969221195;17,2264305421349;0,131862306917839;3,87894480225595e-05;197,821426304267;1,97504697841312;0;14361;c(939496.357756143, 6509783.6598354)
"2-181";"SW BAUGES";928,118340894118;20,2326167136637;0,0528318109759372;7,54982601488136e-05;33,229962332285;20,6077014003185;0;9694;c(940131.750036231, 6509778.18697608)
"2-182";"SW BAUGES";1582,16593423731;20,5510907306059;-0,377229003785157;9,69206858138935e-05;342,321097252853;3,83715390021082;0;13443;c(937588.35688427, 6509588.2791673)
"2-183";"SW BAUGES";1517,59965538021;16,7784923869704;-0,188157579140409;6,19133092145498e-05;184,924866146019;15,4039413505893;0;23657;c(937800.154295711, 6509586.45521998)
"2-184";"SW BAUGES";1466,99489940435;13,6904365077436;-0,0397591088203795;5,77160135102728e-05;18,120364385082;27,3515882709274;0;24278;c(938011.951705311, 6509584.63123894)
"2-185";"SW BAUGES";1429,45513689368;9,77282288863817;0,0408330717483629;4,7603948683193e-05;75,9883002668809;34,749442354102;0;15401;c(938223.749113067, 6509582.80722417)
"2-191";"SW BAUGES";1146,02546335671;17,74373191634;0,0368608191966635;3,76059342176393e-05;215,230096098906;1,53682841983204;2;17184;c(939494.533520833, 6509571.86242728)
"2-192";"SW BAUGES";1077,90658668979;18,0614366283043;0,00650804515643462;4,12388740654484e-05;8,7168684267515;2,35831757967602;0;8236;c(939706.330915654, 6509570.03817643)
"2-199";"SW BAUGES";1147,80520227308;18,4867788193138;0,00903244445339978;3,78857197169558e-05;144,934205744734;0,391824199918481;0;16877;c(939492.709287374, 6509360.0650529)
"2-201";"SW BAUGES";1004,24741370503;19,9153793120701;-0,0583341794100919;4,80395141132833e-05;113,575073876852;13,3144092773928;0;9704;c(939916.304007712, 6509356.41652116)
"2-203";"SW BAUGES";1280,53956776757;14,8975929863144;-0,0116917398430389;3,1787202801179e-05;199,669327825727;4,90958528649036;0;13133;c(939067.290395474, 6509151.91610537)
"2-204";"SW BAUGES";1218,63782120474;17,6120666814006;0,0140550836274091;3,4011086377458e-05;291,013405178495;0,283473697230015;0;7281;c(939279.087726545, 6509150.09192567)
"2-207";"SW BAUGES";1000,84996896469;20,1620908864947;-0,0230254862734395;4,83360816544516e-05;105,938963826528;14,0090486417199;0;13896;c(939914.479708654, 6509144.61918421)
"2-208";"SW BAUGES";929,26433001401;17,9857875617614;0,0541977635203569;6,06979075612101e-05;12,0998515459532;20,2058083984669;3;18602;c(940126.277032318, 6509142.7948696)
"2-209";"SW BAUGES";1283,45910713746;14,8674090821753;0,103056966053926;3,13705282438842e-05;35,2078312991004;4,20062517481141;0;16110;c(939065.466233165, 6508940.11879474)
"2-211";"SW BAUGES";1154,29162189754;18,6360418991791;0,0828068734127663;3,66419778738426e-05;25,3363494304258;0,285771108756089;0;15140;c(939489.060826009, 6508936.4704053)
"2-212";"SW BAUGES";1080,86493428222;20,3240284036658;0,0333983103452973;4,26959545427631e-05;1,41136032629348;0,356886456462281;2;9650;c(939700.858119655, 6508934.64616)
"2-216";"SW BAUGES";998,772517656087;21,2734351508672;-0,0215534300926741;5,75928011681245e-05;51,9768124244015;14,2324775993535;3;11631;c(939910.831116098, 6508721.02461146)
"4-001";"SEMNOZ";833,829086641056;21,8519597569717;-0,525810191273337;0,000234630416070052;46,3558561543226;1,09505350167891;15;15463;c(941435.456000132, 6520547.48930666)
"4-002";"SEMNOZ";707,243803634365;29,2710460912668;-0,310685935768754;0,00024246336319366;102,881334487075;16,5953407310063;3;17031;c(941035.834994177, 6520550.93193473)
"4-004";"SEMNOZ";812,565757389631;32,663450527386;-0,537498348444568;0,000269499779414785;210,012530634884;1,84950939810787;5;15753;c(941039.277566165, 6520950.5529957)
"4-005";"SEMNOZ";870,667209474846;18,0989273773719;-0,431629406266309;6,81602125557217e-05;12,7022622810727;13,5769517272009;2;18152;c(941841.962631211, 6521343.28877394)
"4-006";"SEMNOZ";1003,24227206469;24,2886441508946;-0,571654423833836;0,000105336392305934;101,223374875133;0,473711211967453;6;11287;c(941442.341391329, 6521346.73153559)
"4-010";"SEMNOZ";1097,91781416572;23,7519699499624;-0,477719509437286;0,000107446845852833;259,74917502219;0,106679747123658;3;9556;c(941445.784096903, 6521746.35283051)
"4-011";"SEMNOZ";1144,49189617877;26,25726879473;-0,66218135033532;0,000206148543074668;40,9079705619972;0,565138744239194;3;1311;c(941046.162730068, 6521749.79547852)
"4-012";"SEMNOZ";1020,51744535156;33,6140833775345;-0,803429079957819;0,000241108884338809;25,4902348838156;2,38202367214875;0;15739;c(940646.541356588, 6521753.23800622)
"4-014";"SEMNOZ";865,730158867356;16,9744256008416;-0,270792137785176;7,21995323677471e-05;55,2902897679211;18,9679759717891;1;16233;c(942203.572599476, 6522146.46928281)
"4-016";"SEMNOZ";1165,25710025512;21,9947851722147;-0,392494440402329;8,79759134476502e-05;246,994191933401;0,252853530704004;2;11571;c(941449.226809129, 6522145.97424572)
"4-018";"SEMNOZ";877,266567202469;30,5320517448305;-0,775873961623651;0,000390999465422623;81,212207444471;1,24656671693669;9;22593;c(939850.74082071, 6522159.74414247)
"4-021";"SEMNOZ";894,311375694826;18,8768721586346;-0,347415100711823;6,6550866944036e-05;66,9980639335409;17,7821558683968;2;18965;c(942251.912722963, 6522538.71009768)
"4-023";"SEMNOZ";1234,56982520911;20,868480186683;-0,534883191098144;8,75944016125122e-05;221,446060351092;18,9644688315193;1;4722;c(941452.669528008, 6522545.59578125)
"4-024";"SEMNOZ";1315,14109084195;12,051896567975;-0,722817823093571;4,48610035398295e-05;55,1821484044633;11,4541838604855;2;16130;c(941053.047920546, 6522549.03844256)
"4-025";"SEMNOZ";1352,06654243121;16,2414561322835;-0,721726992788611;8,20668246900971e-05;69,9579597464827;1,2569296570064;4;8028;c(940653.426306437, 6522552.48098355)
"4-027";"SEMNOZ";965,27012692215;23,6157548865412;-0,811981245670693;0,000168309124482152;281,690614235809;0,442378482007199;3;3630;c(939454.561424316, 6522562.80788457)
"4-029";"SEMNOZ";778,57133174603;22,7065034542723;-0,514084427403124;6,38824049741593e-05;84,2128521936283;2,59662679728457;1;11899;c(938655.318136483, 6522569.69188364)
"4-032";"SEMNOZ";1366,18800599846;10,4022460663476;-0,534174059587889;5,02016681121016e-05;253,982468336522;17,0775483069381;0;10750;c(941056.490525753, 6522948.66010506)
"4-034";"SEMNOZ";1407,1357687455;15,3837766600124;-0,565434508494977;7,19263588665183e-05;20,5838525154047;0,747991853566595;4;6945;c(940257.247050245, 6522955.54507999)
"4-035";"SEMNOZ";1097,85383228831;26,668142004037;-0,574515752838124;0,000128163783228309;206,432470359192;2,31367734590762;3;14396;c(939458.003548213, 6522962.42957359)
"4-040";"SEMNOZ";1352,17345853188;15,4491207956408;-0,565868266817218;6,85374419320536e-05;1,46754680982761;35,4824333687988;1;13769;c(941459.554985726, 6523344.83921329)
"4-045";"SEMNOZ";1237,17119793521;30,4000390815942;-0,617236833915605;0,000168023975197964;40,9249181106826;3,97396787201655;2;11598;c(939461.445678725, 6523362.05138295)
"4-046";"SEMNOZ";1079,60526962968;25,8012585204871;-0,701525941736742;0,000144345870495819;175,497854892995;1,47674129335753;3;7307;c(939061.823797445, 6523365.49345587)
"4-048";"SEMNOZ";879,659498164975;22,8092062321167;-0,732550713126336;0,000126475369243076;10,5298165102558;0,746839339349891;1;13311;c(938262.580015069, 6523372.37724068)
"4-052";"SEMNOZ";1405,1579656755;14,661999013981;-0,523020869409738;5,21512674024266e-05;189,075697612896;18,3323124408794;0;5691;c(941462.997724568, 6523744.46110981)
"4-054";"SEMNOZ";1507,83282701661;13,4706307360522;-0,732441569086721;6,05301278733651e-05;510,791928631425;0,394828865701178;2;19640;c(940663.753780995, 6523751.34635198)
"4-056";"SEMNOZ";1098,19219351082;24,4224595556325;-0,581861075620225;0,000101020506818412;301,357872699823;1,42625151269398;1;8384;c(938665.643805993, 6523768.55735136)
"4-060";"SEMNOZ";1132,81094822946;26,0909329370355;-0,305351548176564;0,00012030950730621;127,218800210078;18,6101196541793;4;13979;c(942265.684627707, 6524137.1973898)
"4-066";"SEMNOZ";1396,42694890583;27,154963538884;0,163573704712403;0,000181825981177109;25,3429217916663;4,26182377826814;0;4383;c(939468.329959595, 6524161.2953627)
"4-067";"SEMNOZ";1259,48960715118;28,7697822161022;0,251247648317012;0,000203271061025073;0,424706966489617;3,9360060044443;1;4467;c(939102.546641862, 6524149.45904692)
"4-068";"SEMNOZ";1129,38090106616;28,0801798261871;0,326342083931453;0,00014493409515215;2,29345498782921;4,06721040285483;0;2090;c(938698.63573432, 6524118.9675622)
"4-069";"SEMNOZ";950,69254571691;28,7623983754267;0,472093079244568;0,00014822666827873;24,1164649692102;5,84360676521478;6;5169;c(938269.463573839, 6524171.62126005)
"4-070";"SEMNOZ";760,255289299506;25,8449486881933;0,235370746896274;0,000110706038794255;90,9867244555533;3,96470394773829;5;19366;c(937869.841432056, 6524175.06298512)
"4-072";"SEMNOZ";1195,00256728258;26,9283599449503;-0,375903272450689;0,000104708684465538;149,383814022848;22,7905020512972;2;13173;c(942269.127620573, 6524536.81951369)
"4-073";"SEMNOZ";1456,77500354445;15,1568628715927;-0,126511765681758;6,96607821200483e-05;184,54240627148;20,960027154549;3;9458;c(941469.883222219, 6524543.7052639)
"4-083";"SEMNOZ";1511,27187156911;15,4793547255998;0,258685042842876;5,18486558713145e-05;233,02826877782;14,8336343537104;2;17618;c(941073.703651497, 6524946.7702227)
"4-085";"SEMNOZ";1204,35053960796;26,1392151372643;0,370620334417429;0,000218496376436476;558,424916653551;0,92968580897793;0;8030;c(939475.214266934, 6524960.53982388)
"4-087";"SEMNOZ";926,431767289016;19,1764121657863;0,416831618476497;6,04942103616675e-05;183,236849224134;1,50565229429879;3;23903;c(938675.969534905, 6524967.42390224)
"4-088";"SEMNOZ";823,958411600883;14,8370143176893;0,31578070179963;4,73196351493772e-05;113,642231868255;2,84854839435099;4;16711;c(938276.347158982, 6524970.86576086)
"4-089";"SEMNOZ";1083,04846155279;26,5355659104184;-0,112053452276641;7,06426970809508e-05;190,353999153503;13,1760074323213;15;15961;c(942675.636056228, 6525332.62105356)
"4-090";"SEMNOZ";1304,22863058145;27,0760463321987;-0,142606383021587;7,07535568666746e-05;359,425803557533;0,906215653259198;1;4410;c(942276.013626325, 6525336.06412256)
"4-091";"SEMNOZ";1450,61691182916;13,4785933303904;-0,302175697065448;4,38987993632948e-05;21,7906502815046;23,8617379974898;3;6544;c(941876.391189746, 6525339.50707118)
"4-092";"SEMNOZ";1340,59268301521;32,0393514585687;0,303959520047133;0,000741968259111172;433,3847226265;1,15739488782506;12;10918;c(939878.278906996, 6525356.72000866)
"4-093";"SEMNOZ";1138,49532426793;23,8680713021496;0,328200282115372;8,08840982227793e-05;769,469864802598;0,892432585896236;1;15474;c(939478.65643053, 6525360.16223503)
"4-094";"SEMNOZ";989,430367338612;17,4819781199197;0,25786974669866;4,31222338211235e-05;618,259076463784;0,834029334663959;2;28124;c(939079.033947445, 6525363.60434101)
"4-095";"SEMNOZ";887,315167733111;13,2850502594027;0,140901078326786;2,75582498220104e-05;315,56516717703;1,06926760432728;2;18286;c(938679.411457747, 6525367.04632661)
"4-096";"SEMNOZ";935,591314973311;17,4355243782289;-0,131798495838025;4,88789792807675e-05;18,3948495439502;28,7675228883286;0;23145;c(943078.701733092, 6525728.80033582)
"4-098";"SEMNOZ";1328,47334913994;25,8284835161269;-0,156560890058181;7,42340811517991e-05;456,666459280996;0,291110205343715;3;8019;c(942279.456639213, 6525735.68660755)
"4-099";"SEMNOZ";1470,13935502799;14,9388827257599;-0,231815277101235;4,89138670138659e-05;276,118818356293;18,9428473845401;5;11125;c(941879.834082255, 6525739.12956285)
"4-103";"SEMNOZ";878,63315117861;12,1362597438189;0,144441622245704;2,43972712322818e-05;431,428440229865;0,840004385212837;2;20679;c(938682.853387192, 6525766.66887136)
"4-104";"SEMNOZ";953,947045524716;18,8707079327516;-0,157373251327349;5,39942982252384e-05;36,3108008689578;25,8906420419407;1;14179;c(943082.144993427, 6526128.42292783)
"4-106";"SEMNOZ";1336,45398484706;30,2003241114634;0,00251391269939011;0,000159935947692571;39,1828172485694;12,2063811755182;1;6051;c(939885.163494825, 6526155.96517886)
"4-107";"SEMNOZ";1126,45974335637;25,7609725561749;0,0702090788524727;9,07972275182622e-05;154,418349079806;10,4911782853561;1;9913;c(939485.540777583, 6526159.40741847)
"4-110";"SEMNOZ";778,259217663625;13,2942233960902;0,199357148633471;3,67388237871041e-05;48,1286611631007;7,39977371749824;4;19082;c(938286.672586158, 6526169.73341493)
"4-111";"SEMNOZ";963,318259890364;20,8470050376444;0,000645797879169127;6,12062729245658e-05;71,1219585158073;8,5627995491127;1;24056;c(943085.588260456, 6526528.04564023)
"4-112";"SEMNOZ";1152,182160471;27,7305986875564;-0,0867998992273484;6,88631176697862e-05;384,143213666903;0,484566452378208;3;7207;c(942685.96547608, 6526531.48884966)
"4-113";"SEMNOZ";1292,39232796038;32,155362741863;0,242206477734304;0,000238358803511224;109,500607252026;4,02852592844553;1;13324;c(939888.605798682, 6526555.58794455)
"4-115";"SEMNOZ";942,18766449402;16,8086871651957;0,277814769817396;4,01998755621542e-05;32,735423852333;7,06879254294175;2;18779;c(939089.360116775, 6526562.47231662)
"4-116";"SEMNOZ";734,38713999899;14,2339822592687;0,204497002500574;4,29061791426355e-05;76,120104115569;35,6774767987879;1;24124;c(943888.27732364, 6526920.78167957)
"4-117";"SEMNOZ";834,535800301152;14,8683666850919;0,106873494216276;3,18436008525576e-05;62,0106941872232;36,175874573079;1;14442;c(943488.65443226, 6526924.2251365)
"4-118";"SEMNOZ";955,256128175003;22,0111839632065;0,143123077538227;7,02732947466906e-05;52,0549966348119;4,41979426245522;7;15842;c(943089.031534178, 6526927.66847303)
"4-119";"SEMNOZ";1150,70882913593;28,0726449289815;0,098718260678179;7,65221409010518e-05;170,66254117816;0,499292307303079;1;7315;c(942689.4086294, 6526931.11168915)
"4-120";"SEMNOZ";1460,11859480976;23,847721428726;0,4256590360873;7,10272465627963e-05;86,1288151518715;30,8868255494274;0;8008;c(940291.671060588, 6526951.76845737)
"4-121";"SEMNOZ";1239,45358681385;31,7737297987672;0,175834814580806;9,92695287392108e-05;455,977250905068;1,22478988053408;0;14844;c(939892.048109169, 6526955.21083064)
"4-123";"SEMNOZ";914,01451823185;13,444136213049;0,206491525285634;3,2752606948299e-05;83,4705982481215;8,49489724925121;2;21928;c(939092.802186446, 6526962.09521596)
"4-124";"SEMNOZ";716,270897516131;13,994215898865;0,226899872776628;4,51285747632135e-05;62,2816591370879;37,7954928136323;12;10550;c(943891.720844873, 6527320.40461937)
"4-125";"SEMNOZ";804,343236916423;14,3253665616778;0,38891612864615;3,59921648856687e-05;94,196829879724;38,4339038414777;3;14816;c(943492.097833085, 6527323.84808301)
"4-132";"SEMNOZ";806,273301803313;12,9989821419575;0,346639660114992;3,25186134853436e-05;42,4270509797805;8,94055339568382;1;18812;c(938696.621171024, 6527365.16025436)
"4-136";"SEMNOZ";1406,09142544992;21,8714154204056;0,221321051832921;7,60179117731603e-05;42,0254222957521;28,7752007061258;0;3461;c(940298.555942293, 6527751.01457754)
"4-137";"SEMNOZ";1174,61575444135;33,6025202844239;0,120859261406537;0,000105675093395159;25,8300880618655;1,39885761991969;1;14659;c(939899.931808025, 6527754.44835826)
"4-138";"SEMNOZ";967,571517877399;20,494828223729;0,268148070113429;7,86456391753414e-05;5,25276144908973;1,60055769736204;2;15238;c(939499.309551146, 6527757.8992302)
"4-141";"SEMNOZ";878,74650176535;19,670223771371;-0,10021750597832;5,69046892862335e-05;22,1894279026668;0,717634392884851;1;22382;c(943099.361395512, 6528126.53769389)
"4-144";"SEMNOZ";1468,46958614317;15,8304164474213;0,292278091876542;5,64616564894468e-05;126,746639771971;3,0951788635712;0;13329;c(941900.491577363, 6528136.8670412)
"4-150";"SEMNOZ";933,321548380886;19,4019611107887;0,237464405541451;7,87499783289723e-05;10,4989269136792;1,24678703344521;2;31298;c(939502.751761096, 6528157.52248418)
"4-151";"SEMNOZ";622,392239092653;13,412468053151;0,0772052537130282;2,94447795265372e-05;96,0312894178334;51,5424503506725;3;28026;c(943902.051448839, 6528519.27416127)
"4-152";"SEMNOZ";741,75372759989;18,8147016133407;0,173694026555457;4,94066579279283e-05;36,5529391439977;40,0100071539907;0;9207;c(943502.42807578, 6528522.71764503)
"4-156";"SEMNOZ";1436,55007100981;12,3536776359873;0,532885091341439;4,60858385259727e-05;48,5780891536796;4,17259757965902;0;10971;c(941903.934516564, 6528536.49037573)
"4-158";"SEMNOZ";1464,32338848649;9,90171476490254;0,809921544963277;4,09200403024074e-05;36,4214876921529;26,4811050658691;0;18010;c(941104.687696879, 6528543.37601845)
"4-162";"SEMNOZ";908,923322174028;17,1650367625444;0,209154081378916;6,34760969235276e-05;164,252026229211;2,00607610949085;0;19174;c(939506.193977671, 6528557.14585861)
"4-166";"SEMNOZ";1089,47363107698;33,5659157944008;0,00705666304652334;0,000113974314932566;352,631707856489;0,359416835208019;1;6379;c(942706.624496313, 6528929.22769285)
"4-168";"SEMNOZ";1387,07170838828;10,4879587355856;0,565270693980136;3,60387220041613e-05;26,9780714233863;21,319622316921;0;14802;c(941907.377462439, 6528936.11383069)
"4-170";"SEMNOZ";1403,29759944273;11,4474508075903;0,752988223326568;5,4339872929528e-05;13,7496986704799;21,7617125404614;1;13399;c(941108.130401866, 6528942.99948675)
"4-171";"SEMNOZ";1343,69891064377;15,966275054939;0,600003198179141;5,99230189504643e-05;95,9664655143056;43,3018843792034;2;10896;c(940708.506861586, 6528946.4421341)
"4-173";"SEMNOZ";1034,51276355012;25,1772483405965;0,1935862211466;6,35991147697215e-05;207,463385809367;1,36493586445938;2;19584;c(939909.259761081, 6528953.32706747)
"4-175";"SEMNOZ";653,059606834942;15,638185904828;0,207811540216679;4,4479292895225e-05;29,121511511022;32,8068321409999;3;24837;c(943509.314937769, 6529321.96462189)
"4-178";"SEMNOZ";1268,62503649299;18,7332690437495;0,15901722939635;5,84084689740706e-05;10,784752787552;8,74413420698301;0;6161;c(942310.444055718, 6529332.29439074)
"4-180";"SEMNOZ";1376,67250912491;7,29264553827583;0,312513257571474;4,46480850120277e-05;169,230071368323;26,2427862248871;0;9700;c(941511.196767584, 6529339.18030103)
"4-182";"SEMNOZ";1287,57414046684;12,6817655826042;0,403573966550926;4,51648439924418e-05;84,0141495234616;40,4692273527146;0;17888;c(940711.949452779, 6529346.06572951)
"4-183";"SEMNOZ";1177,49033121755;21,6661867478269;0,240194291864319;5,49844990117178e-05;158,990447387134;21,3826300350958;2;7867;c(940312.325785394, 6529349.50826306)
"4-184";"SEMNOZ";1007,54157183435;22,5807814434762;0,150943582288705;5,78191610425928e-05;65,9937687574799;1,82785494727285;2;26092;c(939912.702111364, 6529352.95067616)
"4-186";"SEMNOZ";800,63501966732;10,4079163372295;0,117442670702401;2,81903341810035e-05;67,9479864459669;2,68697907149985;0;22468;c(939113.454743406, 6529359.83514097)
"4-188";"SEMNOZ";666,488145317446;14,0092017852771;-0,262947531379343;4,26229801387095e-05;25,047844043598;23,9454357368445;0;15728;c(943512.758378824, 6529721.588291)
"4-190";"SEMNOZ";1052,58100524553;30,871829922513;0,151629978733641;0,000120804948963223;233,9506397225;0,470217673325565;0;6419;c(942713.510889905, 6529728.47493741)
"4-191";"SEMNOZ";1241,40876929008;20,7792208874017;0,224776826878211;6,05355450117339e-05;56,2118935041359;20,6454996113751;0;11529;c(942313.887135402, 6529731.91807993)
"4-193";"SEMNOZ";1363,71595265062;7,35219360241272;0,289894819154151;4,2658846753688e-05;79,5330367517543;24,1883229139728;0;5269;c(941514.63960635, 6529738.80400357)
"4-194";"SEMNOZ";1329,40493785011;10,0870618200577;0,272685584079147;3,51657829590878e-05;43,0270371339785;5,21025615076688;0;17942;c(941115.015831816, 6529742.2467847)
"4-195";"SEMNOZ";1255,35003887853;14,1953102650089;0,343793557390583;4,00226730556804e-05;31,8672732791321;20,3500758254006;3;8479;c(940715.392050622, 6529745.68944537)
"4-201";"SEMNOZ";1016,69398263294;30,2240499558657;0,135965214884002;0,000123278230684503;186,230628713761;11,8088649706183;0;11613;c(942716.954096738, 6530128.09874038)
"4-204";"SEMNOZ";1329,96253198203;8,69438396000391;0,840116599755805;4,1315450752765e-05;33,4136818613043;20,557723040163;0;10535;c(941518.082451783, 6530138.42782658)
"4-205";"SEMNOZ";1292,92576249954;13,6740808152609;0,580311936303347;5,71186446630382e-05;280,252911194783;4,32250683420122;0;5621;c(941118.458556782, 6530141.87061438)
"4-207";"SEMNOZ";1054,99026747488;22,8422253423695;0,458939250549204;6,43214327238656e-05;301,115603493994;13,2023730381044;2;17189;c(940319.210746801, 6530148.75582855)
"4-208";"SEMNOZ";919,356661867834;16,7211557908309;0,34097622925312;4,28227010884648e-05;114,655376536958;20,9267789101448;0;22934;c(939919.586831839, 6530152.19825493)
"4-210";"SEMNOZ";602,095807157795;10,1532991465432;0,226483079137639;2,2337995494419e-05;31,0451454659598;33,5122033150289;6;20102;c(943919.269256395, 6530517.39247327)
"4-213";"SEMNOZ";989,822556440203;28,628763644634;0,13664618523793;0,000100787614009763;23,2286312825305;19,743625998617;2;7287;c(942720.397310265, 6530527.72266381)
"4-215";"SEMNOZ";1250,74659714525;10,5614499767091;0,551835005631667;4,1313014640248e-05;24,4458279449473;12,2358888876396;2;14771;c(941921.149312693, 6530534.60885512)
"4-217";"SEMNOZ";1216,00238679945;18,7974865255824;0,716532049118751;7,9150516014951e-05;229,424067147755;11,996455266361;0;5412;c(941121.901288408, 6530541.49456453)
"4-218";"SEMNOZ";1107,7170668816;20,138112951665;0,596744113840225;6,97066867510471e-05;37,3089945703346;39,9809078873026;0;18463;c(940722.277266268, 6530544.93723851)
"4-219";"SEMNOZ";991,32822359022;17,9451142712142;0,378231041238287;4,6818662706122e-05;152,808387266249;31,7170095601649;1;23779;c(940322.653237473, 6530548.37979201)
"4-227";"SEMNOZ";1117,24737525751;18,9491769042986;0,708344750225954;7,79985144249068e-05;126,382019615876;40,0953451142604;5;7324;c(941125.344026696, 6530941.11863516)
"4-228";"SEMNOZ";1039,60242654834;12,5363645881872;0,468705940946723;4,55182222215871e-05;21,7685363206194;41,0624701331849;2;22684;c(940725.719884071, 6530944.56131579)
"4-229";"SEMNOZ";963,979427799824;14,911773414861;0,082304970728793;3,55331911208266e-05;6,99251534549637;33,5586415111312;1;12565;c(940326.09573479, 6530948.00387594)
"4-230";"SEMNOZ";551,217310534939;11,6867502291823;0,472947562979691;2,6097401570482e-05;10,8665516069559;26,0162201213839;0;17747;c(943926.156426435, 6531316.64064135)
"4-232";"SEMNOZ";721,857713778388;24,3057298469912;0,170299806500565;8,85382755092319e-05;45,9897264609964;6,55013647262536;7;26099;c(943126.907987118, 6531323.52758236)
"4-235";"SEMNOZ";1150,40825657637;10,0750269922443;0,842571023574547;3,35378587665098e-05;9,67717945215322;11,0877711532569;0;7027;c(941928.035277884, 6531333.85709019)
"4-241";"SEMNOZ";712,667693654756;27,0907490093582;0,0268732424191761;8,363593264655e-05;85,0771529456785;5,50630312042762;3;19417;c(943130.351341225, 6531723.15186056)
"4-242";"SEMNOZ";940,251897005958;26,1355119883057;-0,049448479944711;8,65977816568475e-05;50,9579969939597;15,1832184344233;0;8063;c(942730.72699101, 6531726.59515702)
"4-243";"SEMNOZ";1072,91702084877;11,6091876966946;0,219515959378937;3,02753705179161e-05;25,9284500874948;13,8215030126874;1;13673;c(942331.102634098, 6531730.03833299)
"4-244";"SEMNOZ";1085,44518355382;11,3225831651068;0,68025846708549;4,27483763288192e-05;7,08595907838492;15,1955970528955;5;16850;c(941931.478270498, 6531733.48138846)
"4-246";"SEMNOZ";975,483791265765;10,4475333155706;0,642901218945747;4,07228156606878e-05;40,405068131702;32,3265331650508;0;29178;c(941132.229523262, 6531740.36713789)
"4-247";"SEMNOZ";979,866306721501;9,94765985387025;0,519155124244166;4,2439184989176e-05;48,8704240534659;16,1713935131306;1;11332;c(940732.605139642, 6531743.80983185)
"4-250";"SEMNOZ";549,480850122812;13,7184446161027;0,369605283672668;3,83193822650556e-05;51,8792638311505;34,6634812161965;0;22605;c(943533.419166051, 6532119.33283558)
"4-251";"SEMNOZ";703,433021208557;29,334420715961;0,102834726435229;9,39320663289337e-05;12,4117194370405;4,97524662719132;1;13623;c(943133.794702037, 6532122.77625926)
"4-252";"SEMNOZ";937,013066611207;26,2296388794463;0,144866925459002;8,5966390348266e-05;31,4768682296667;18,6839258657476;0;2843;c(942734.170231317, 6532126.21956243)
"4-253";"SEMNOZ";1048,8287830236;11,4585980629283;0,473212101794365;3,29788936109469e-05;127,135807457597;10,4854545914524;4;5696;c(942334.545753899, 6532129.66274509)
"4-254";"SEMNOZ";969,803006307944;10,6856388280221;0,66320940405456;3,81265438054865e-05;28,5459102150213;46,621433169451;0;29804;c(941535.296779003, 6532136.54874888)
"4-255";"SEMNOZ";1029,35592177344;11,7593799337018;0,632038464121917;4,02115779939197e-05;210,27341402946;16,8405234692558;0;14459;c(941934.921269792, 6532133.10580724)
"4-256";"SEMNOZ";943,965609849557;11,6687491549062;0,619409012357783;4,72073627251183e-05;176,448815710058;17,9137633943128;4;13088;c(940736.047777412, 6532143.43427063)
"4-258";"SEMNOZ";899,533893378015;11,7675019408521;0,634299599942116;5,0082566285108e-05;6,75663972821461;35,1788586118541;5;11189;c(940739.490421839, 6532543.05882992)
"4-260";"SEMNOZ";678,853864704714;30,1491282192179;0,120782737085049;0,000115146795868314;55,0033356663193;15,6660201079753;4;12652;c(943137.238069553, 6532522.40077846)
"4-264";"SEMNOZ";925,363995160947;7,91009035636016;0,499266930916622;2,71934450224205e-05;29,1079790792299;54,0480540161436;1;23052;c(941538.739664463, 6532536.17329485)
"4-268";"SEMNOZ";876,875718853699;19,6850356182694;0,428560432979934;7,38950473016699e-05;11,1630708011927;38,1791824727648;2;12202;c(942741.056732022, 6532925.46873477)
"4-271";"SEMNOZ";902,08493872063;4,9177248267462;0,113165869700444;1,76837563743844e-05;107,641516670878;45,2619298272738;4;27511;c(941542.182556598, 6532935.79796133)
"4-272";"SEMNOZ";894,197048927429;7,12535124282869;0,0919655670622601;6,031291759058e-05;24,3839560125221;26,967868793474;2;17425;c(941142.557818095, 6532939.2407958)
"4-276";"SEMNOZ";846,30059721624;16,4908061924802;0,491450467830032;9,91573993444401e-05;17,5536137093652;32,4729310732558;2;9835;c(942744.499992421, 6533325.09350172)
"4-279";"SEMNOZ";893,015668450563;8,02619166904486;0,148339080325996;4,04162977585905e-05;7,92090245122021;46,7063284698924;2;14762;c(941545.625455406, 6533335.42274835)
"4-281";"SEMNOZ";798,413490701094;23,2052555904416;0,362412289966248;0,000152796448712817;53,3233429743382;11,1211006182791;4;4405;c(940746.375730668, 6533342.30831009)
"4-282";"SEMNOZ";626,848266360621;28,5569073676029;0,114661900244466;0,000165461335059542;13,1030295971787;34,587394394604;0;13954;c(943147.56821234, 6533721.27505923)
"4-283";"SEMNOZ";813,742057224658;14,4564168787181;0,420818495580061;0,000104426806274045;6,52424291889309;44,8509182242137;5;10712;c(942747.943259521, 6533724.71838921)
"4-285";"SEMNOZ";862,323571021918;7,42947433781583;0,263338143389277;2,86350770431447e-05;55,3396293976767;57,5461509054213;4;21860;c(941948.693333789, 6533731.60468754)
"4-286";"SEMNOZ";879,336582796078;14,2078889079409;0,136504563492593;7,86080550387219e-05;19,6225918951877;36,435416927274;3;1878;c(941549.068360891, 6533735.0476559)
"4-288";"SEMNOZ";710,628591811745;26,7821111697706;0,427306481892788;0,000170020506769783;194,101182002873;2,81281851632181;6;10418;c(940749.818395072, 6533741.93323099)
"4-289";"SEMNOZ";615,260073637818;27,5800783664131;-0,0199025133750704;0,000480114448380304;103,055930131432;22,4634302323947;0;13601;c(943151.011606684, 6534120.90006055)
"4-290";"SEMNOZ";796,400033821462;14,6207129870674;0,365713058492393;0,000420480544597899;28,5269738228037;51,3084935334347;3;4305;c(942751.386533321, 6534124.34339723)
"4-291";"SEMNOZ";828,600154198671;4,09638449592011;0,66735098448988;1,48860619386677e-05;45,1479923491962;54,8715107747837;2;13845;c(942351.761453256, 6534127.78661337)
"4-293";"SEMNOZ";827,961199866892;17,2208443667219;0,542564176016165;0,000105755404418978;99,2447553903755;35,3221159184408;2;15479;c(941552.511273052, 6534134.672684)
"4-297";"SEMNOZ";825,745945928947;14,4457200105798;0,197512980629218;6,98307742029251e-05;10,3834660899747;61,6972666873746;2;18713;c(941955.57940589, 6534530.85485093)
"4-303";"SEMNOZ";795,313996947364;6,62601668233764;0,110812522765306;1,79473954483764e-05;26,9019141054538;48,6390443141075;0;27932;c(942358.647779845, 6534927.03700449)
"4-305";"SEMNOZ";705,925124374744;19,4592413261303;0,621657348296391;9,1673241913238e-05;2,96822795917263;45,1255268820529;3;19877;c(941559.397117407, 6534933.92310186)
"4-307";"SEMNOZ";754,786719093877;8,34289131031692;0,389951356653614;3,00380371021547e-05;39,8195334766357;57,9629481270968;1;21683;c(942761.716394931, 6535323.21914466)
"4-308";"SEMNOZ";787,716543069496;8,38744478644566;0,297979903122627;4,95460960193138e-05;3,97520212652814;70,767694301392;2;21489;c(942362.090953182, 6535326.6623809)
"4-310";"SEMNOZ";612,583350376725;20,2793837056191;0,79290264660197;0,000118025666458724;1,58604619751297;42,3330198916026;0;15167;c(941562.840049602, 6535333.54849164)
"4-314";"SEMNOZ";753,157721864989;15,83054083833;0,416614945676265;7,88831327443559e-05;19,0031613595901;76,1806272162902;3;3346;c(942365.534133214, 6535726.28787787)
"4-315";"SEMNOZ";605,473956027307;26,8320401931054;0,557436833233647;0,000208490466123101;54,8465767892204;60,5811819009816;5;21494;c(941965.90856419, 6535729.73100022)
"4-316";"SEMNOZ";513,412289151134;13,0165299167653;0,83364622183329;5,76853420223795e-05;12,8178317927205;39,6520670356513;0;20003;c(941566.282988477, 6535733.17400199)
"4-317";"SEMNOZ";617,140292853321;18,225559682711;0,228108327966454;5,58550547249797e-05;35,7311274217208;58,942217443552;6;8710;c(943168.228679061, 6536119.02687558)
"4-318";"SEMNOZ";705,197657229743;10,4772995452709;0,523848859486715;3,36469177915368e-05;11,1792370431667;90,7621927650896;3;8725;c(942768.603002855, 6536122.4702458)
"4-320";"SEMNOZ";661,129043121716;12,8303612220543;0,616065093487085;5,08643914689617e-05;3,88450847408722;101,122007198886;0;7192;c(942772.046316874, 6536522.09597726)
"4-321";"SEMNOZ";627,317591946823;21,9334491480533;0,625539071098098;9,09338552582055e-05;2,78585105263196;84,0327434747776;0;6430;c(942372.420513369, 6536525.53923359)
"7-061";"HAUTES BAUGES";1439,27884642447;21,0532593881388;-0,0854049845891377;0,000108412717567705;80,7021683530874;13,7820155675056;4;15216;c(952283.91435551, 6512545.92555878)
"7-062";"HAUTES BAUGES";1442,88334488057;22,7574070549905;-0,0808861623192501;0,000121056225511165;100,183330461058;11,6525265075278;4;11481;c(952261.926481711, 6512429.21807893)
"7-063";"HAUTES BAUGES";814,977673280475;17,4060325963399;0,255740078549387;0,000108318150444016;32,7170767739038;6,2511005537908;1;14709;c(947406.316105155, 6510240.04414881)
"7-064";"HAUTES BAUGES";808,379324647742;16,963051281458;0,356836942064572;0,000103589946694878;21,2559396328611;7,58449279864167;1;13868;c(947310.666152152, 6510270.84212267)
"7-065";"HAUTES BAUGES";950,879706170711;27,7054083663104;-0,488070257334274;0,000116940912041411;28,8113992409877;2,91842938942563;1;13617;c(948442.66122265, 6510154.1792638)
"7-067";"HAUTES BAUGES";971,195889606283;28,3979676184679;-0,54892722778629;0,000131522272847352;99,9931441550997;3,31085274804354;0;3289;c(948538.965714598, 6510083.4108257)
"7-068";"HAUTES BAUGES";1149,79010680059;27,5703981271003;0,549166427235944;0,000150137489796011;121,071235387305;4,44454860667016;1;7780;c(947826.493423856, 6509028.48854827)
"7-070";"HAUTES BAUGES";1317,20152231289;34,8037053039056;-0,311583227115012;0,000200630790629291;13,2542837647948;11,9276253467996;0;18179;c(952291.835593602, 6511494.78305184)
"7-071";"HAUTES BAUGES";1353,44680206235;34,3572843584067;-0,270243682656153;0,00019351563229912;20,2210162162014;11,7673166090184;0;15796;c(952271.200466798, 6511650.82364631)
"7-072";"HAUTES BAUGES";1383,94710138301;32,3050571737437;-0,24801813720927;0,00017728958586385;39,1450352526542;11,5927210119466;0;8476;c(952256.645754631, 6511816.80302698)
"7-073";"HAUTES BAUGES";984,954784533378;29,8866540772923;-0,418873028554543;0,000194394104850753;16,8907441117136;5,08009006337324;1;13555;c(949854.491762726, 6509815.29698963)
"7-079";"HAUTES BAUGES";1053,3095290823;31,4584445472356;-0,753230081614475;0,000209110112432889;155,761241624666;3,79227348495709;1;8205;c(949850.865956872, 6509974.18807671)
"7-081";"HAUTES BAUGES";1113,40954281588;32,012417346812;-0,853464984501829;0,000196895174289751;264,573213193689;2,21576652677088;1;8578;c(949957.229772237, 6510143.12127175)
"7-084";"HAUTES BAUGES";1164,42583937628;32,7878185253509;-0,772372205388701;0,000210046506306262;280,277841755184;0,902534392516009;0;5851;c(949526.486619229, 6510012.95274932)
"7-085";"HAUTES BAUGES";1035,70278226849;31,7626950421664;-0,754891915258106;0,00020342841049462;81,3766924819048;3,97320586536313;0;6575;c(949628.819749503, 6509830.23100764)
"7-087";"HAUTES BAUGES";1046,51736484842;25,4072830973979;-0,532243705566494;0,000181481293005344;150,121253778805;5,15717452138702;0;17350;c(950943.527975811, 6510394.38888713)
"7-089";"HAUTES BAUGES";1087,71063336075;27,9924912049691;-0,623900031591357;0,00020205381324518;200,011839003936;4,22723497077289;0;4052;c(951070.036379796, 6510466.23382984)
"7-091";"HAUTES BAUGES";813,109552053172;16,2533204615785;0,0474950174837763;8,17574149796902e-05;60,3880688879734;5,57158980543292;0;31370;c(947705.986570993, 6510116.56787007)
"7-092";"HAUTES BAUGES";854,108495720891;23,9123601018574;0,254561946484636;0,000113834430724858;4,06621144638568;6,15370344082183;1;27292;c(948280.670071396, 6509674.99960825)
"7-093";"HAUTES BAUGES";947,257677625477;29,8276325287689;-0,209414390948748;0,000179504770269964;86,7977641999926;17,967283736319;0;23830;c(949383.58891286, 6509430.69952566)
"7-094";"HAUTES BAUGES";963,992352407628;28,9071412883419;-0,0916216171761651;0,000167095393820487;9,29713423291392;5,48011075348916;2;32077;c(949907.596100347, 6509716.92558494)
"7-095";"HAUTES BAUGES";1011,43906922775;23,9747154846582;0,17218369483041;0,00015984651165031;38,2969664236351;5,05911240042053;0;24330;c(950848.084484192, 6510101.47088549)
"7-096";"HAUTES BAUGES";995,82838698971;23,9984700842418;-0,142633712117976;0,000157023033991507;15,3292592748403;4,63425974077083;0;29594;c(950687.488134902, 6510131.82992257)
"7-097";"HAUTES BAUGES";805,726469795284;16,3088897366944;0,0655918059676494;0,00010152546228584;70,4192155917338;12,1242658106336;3;14511;c(947333.729901218, 6510512.43009864)
"7-098";"HAUTES BAUGES";877,430001219208;23,6975366832529;-0,172894775656699;0,000120217671189088;124,150613040499;5,16278112056086;0;17878;c(948569.936434654, 6509619.55291291)
"7-099";"HAUTES BAUGES";941,352735738421;28,6457947636225;-0,213459085714009;0,000223905941481651;96,3393236555988;20,1440992426926;1;22573;c(949201.917980494, 6509334.35204643)
"7-100";"HAUTES BAUGES";1053,0378608891;29,3767321306563;0,0304292829788268;0,000218126863171517;20,6500776062978;5,66820150841774;0;26155;c(951307.713928481, 6510221.39873912)
"7-101";"HAUTES BAUGES";966,580145671002;29,1883535307939;-0,377788585908896;0,00017093137465937;74,6051611491751;6,80077274017771;0;21196;c(949676.481032532, 6509679.95238285)
"7-102";"HAUTES BAUGES";981,574546633843;27,7839034049235;-0,238101500169656;0,000184509052364622;27,2719503434004;3,95274010148003;0;26838;c(950307.523920287, 6509981.24149305)
"7-103";"HAUTES BAUGES";809,400459904179;15,6319539208568;0,123150023484;7,74487456575535e-05;26,6666685428635;5,61336303834477;0;34424;c(947983.454110485, 6509967.30583361)
"7-104";"HAUTES BAUGES";1099,6829904807;35,3152641163148;0,0101057534195294;0,000458380552807166;17,8156259000276;7,04279867433879;0;20881;c(951846.267761075, 6510224.74815915)
"7-105";"HAUTES BAUGES";1099,4580755581;33,2521621304921;0,0848549355225221;0,000423132740887701;55,5575094263501;8,79957976106817;0;25497;c(952002.170368291, 6510229.39860375)
"7-107";"HAUTES BAUGES";1451,26671488252;19,1226446367287;-0,338108655707577;8,13891283541933e-05;17,4611268558116;14,4386613651984;0;26051;c(952366.155387612, 6512813.9798102)
"7-108";"HAUTES BAUGES";1472,14652670552;18,1267549977033;-0,403650421221429;7,10605767984219e-05;122,619786024664;13,2625856306378;2;27902;c(952400.381661094, 6512959.55629007)
"7-109";"HAUTES BAUGES";1343,19689500323;28,4378069207757;-0,123820135155313;0,000155492527852763;33,5299620781189;3,0000351382197;1;30880;c(953285.525470737, 6512023.740718)
"7-110";"HAUTES BAUGES";1480,95472167725;25,5647830331135;-0,497071406244072;0,000132419202602857;263,465787222087;0,14637947997189;7;26176;c(953383.952305533, 6513241.81881287)
"7-112";"HAUTES BAUGES";1482,32289321295;15,8481575575073;-0,428169159558871;6,57622350273387e-05;69,5534928038693;13,1258995131385;0;25161;c(952328.553948163, 6513088.06310487)
"7-115";"HAUTES BAUGES";1452,19100855537;23,8696837087826;-0,400232649193099;0,000134152739565487;216,339363070303;0,222016071335703;7;27743;c(953398.851503097, 6513115.80110488)
"7-116";"HAUTES BAUGES";1442,9577651403;23,4332399431442;-0,353759495954783;0,00013449545453643;213,306548148674;0,25304114025015;7;24992;c(953379.318231661, 6513052.025826)
"7-117";"HAUTES BAUGES";1434,6053601703;22,9119683733514;-0,3371677247025;0,000139409897075048;157,931239962775;0,303696467975657;0;23533;c(953380.825244522, 6512995.06295045)
"7-118";"HAUTES BAUGES";1421,54790231445;23,9954956890477;-0,336386170708621;0,000151798426506591;84,2056025541876;0,36550581316902;0;22606;c(953335.747200742, 6512865.56600607)
"7-119";"HAUTES BAUGES";1028,37731184517;25,8760928239532;-0,204246427416235;0,000184446216268355;30,6275661729938;5,68267088698331;1;24573;c(951038.437075246, 6510277.67282908)
"7-120";"HAUTES BAUGES";1364,90856998076;24,3609992270704;-0,221720514597476;0,000136708810840621;60,3697972026186;1,01107278691843;0;21706;c(953181.401372014, 6512230.45735934)
"7-121";"HAUTES BAUGES";1182,46699500772;33,8171547895193;0,247729689603282;0,000154748543434321;28,8391259702926;5,97955689984497;0;1601;c(949827.620767809, 6509016.23419066)
"7-122";"HAUTES BAUGES";1029,4892720397;23,9890705440718;0,306294890255849;7,68766721379113e-05;60,824708340163;0,68739080752186;3;21430;c(947093.007277834, 6508317.44411291)
"7-123";"HAUTES BAUGES";1036,17690226269;24,7163548625676;0,336381627148114;7,81933608647026e-05;48,4522517933124;0,707697108032743;2;24433;c(947054.716663771, 6508163.91007552)
"7-124";"HAUTES BAUGES";1067,50505362649;25,8467431382634;0,350683120268777;8,55704749753013e-05;87,7407637029501;0,680529436072154;2;22684;c(947069.418384437, 6508014.91491255)
"7-125";"HAUTES BAUGES";1081,65357348266;26,1081436348548;0,326902776630661;8,89858306376743e-05;40,2979066028031;0,626971990149888;3;13175;c(947191.430350914, 6508260.64525404)
"7-126";"HAUTES BAUGES";969,31877299961;20,8432732426545;0,765920676295516;8,42148657755834e-05;63,5894933263328;2,81819740631373;0;14315;c(947517.478232384, 6509458.77452514)
"7-128";"HAUTES BAUGES";968,11659118423;24,8957486238204;0,894619416469111;0,000115177292272274;143,289746262575;3,78149341249027;0;12687;c(947694.627619556, 6509494.21500946)
"7-129";"HAUTES BAUGES";931,479777293705;26,3939856726001;0,906503716071957;0,000123046276058822;189,238551374813;4,56068408743366;0;8684;c(947840.126220029, 6509566.89565532)
"7-130";"HAUTES BAUGES";895,17216455665;22,1087599879188;0,894598167157229;9,61228926003728e-05;148,881261096489;3,75382693040194;0;17873;c(947743.089624645, 6509668.64299248)
"7-131";"HAUTES BAUGES";919,842836347686;19,0238740939049;0,855997121779028;7,76413774267929e-05;178,136844309532;3,57233592790301;0;15876;c(947571.856978936, 6509624.15944874)
"7-133";"HAUTES BAUGES";1112,44461462349;31,9915775828388;0,57140129421673;0,000259362672786478;39,3679714481948;5,31726397366686;0;6551;c(948642.643317227, 6508781.66535748)
"7-134";"HAUTES BAUGES";1160,2585180784;29,890040514574;0,446698778462648;0,000215884063679718;39,1312547643009;5,5181990035067;0;10808;c(948626.615649175, 6508660.91028948)
"7-135";"HAUTES BAUGES";1187,76587014483;26,6999652351586;0,344627779612063;0,000134074017215264;59,8609425749132;5,86278354268302;0;14417;c(948633.436802929, 6508524.97151516)
"7-136";"HAUTES BAUGES";1221,9024477322;26,6316015349893;0,261524586058848;9,19091597565487e-05;27,4538460895413;5,90661367035092;0;19967;c(948592.097206471, 6508365.46908191)
"7-137";"HAUTES BAUGES";1231,61836447336;25,8070027275743;0,314399254694094;8,54842649739525e-05;63,5661327003998;6,16212178283504;0;28910;c(948618.451415545, 6508177.40787105)
"7-139";"HAUTES BAUGES";1294,306368602;26,046977726554;0,255355709943111;7,33979838367246e-05;45,9435385303916;5,71390181169096;0;18163;c(948497.644919488, 6507955.64610047)
"7-140";"HAUTES BAUGES";1286,81357566471;27,3404998608776;0,220251903496685;7,93083610828737e-05;54,5409842634215;5,26116924460811;0;14098;c(948493.829492724, 6508092.55802443)
"7-142";"HAUTES BAUGES";1263,00582161015;28,2639467609731;0,202951666191004;8,73446455928136e-05;50,319896586431;5,23491015809477;0;10550;c(948513.594867184, 6508299.2049056)
"7-143";"HAUTES BAUGES";1264,87613516707;30,1352405409667;0,264216490424119;0,000137047617111718;87,1018867696419;4,32685023422643;0;12109;c(948477.956458715, 6508453.37616939)
"7-145";"HAUTES BAUGES";1184,45124135356;33,3938978626755;0,506707299584573;0,000276198458357107;83,5459675703423;4,62929798621496;0;3830;c(948509.081614436, 6508702.88724139)
"7-149";"HAUTES BAUGES";1019,83873114551;29,1299331939868;-0,71175394905413;0,000179836448699852;12,6544765127159;6,52812431481242;0;11949;c(949384.717109337, 6509677.47198997)
"7-150";"HAUTES BAUGES";1103,26466193465;32,2337701747166;-0,804644564705783;0,000198917014587092;158,727676711957;1,18598492994152;0;7422;c(949461.367887864, 6509876.63488438)
"7-151";"HAUTES BAUGES";1202,2530287923;31,3799747491312;-0,00148832204470349;0,0002004991131511;2,22460108398557;8,70432421340245;0;23856;c(952765.114581368, 6510880.24007166)
"7-153";"HAUTES BAUGES";1357,3489928257;31,3730070134664;-0,0417283514481709;0,000141974315231313;35,2371405964826;4,31498092702796;0;23388;c(953413.815483874, 6511607.00056508)
"7-154";"HAUTES BAUGES";1343,38617057354;29,4118045187091;-0,0805714431873429;0,000155665624180892;49,5824150786275;3,75821644413212;1;24143;c(953338.862245658, 6511952.34325008)
"7-156";"HAUTES BAUGES";1352,43147437778;28,2281817938126;-0,099383648236089;0,00015309477256747;16,8413387978574;2,37462155818235;1;16804;c(953210.734563677, 6511924.47368873)
"7-157";"HAUTES BAUGES";1264,2419253628;32,046326971543;-0,359193443900153;0,000214368800216057;28,221790175756;4,79163305063067;1;14920;c(952928.373005436, 6511158.58563778)
"7-158";"HAUTES BAUGES";1440,08318289559;23,3897430067551;-0,32713651586469;0,000114024737884104;53,8021668491142;6,44666921533021;1;10464;c(952689.216649953, 6512390.56436384)
"7-159";"HAUTES BAUGES";1408,11443801294;25,0506962616111;-0,131456447477349;0,000128131885217539;23,261406681612;6,73494700654811;1;12976;c(952659.589029154, 6512083.09084921)
"7-160";"HAUTES BAUGES";1463,46018060458;20,5078740545572;-0,417517633826011;8,22694212281196e-05;45,7179348032572;13,2418642567007;2;22830;c(952477.195977253, 6512830.00736434)
"7-162";"HAUTES BAUGES";1171,13836077433;30,5825046821796;0,161001463285074;0,000195170355493939;38,4889568829913;14,5363250986698;0;21514;c(952593.605694932, 6510687.88991282)
"7-163";"HAUTES BAUGES";1185,30785090461;29,5692454586503;-0,402965180139109;0,000170082698785143;112,175013563413;17,3090347661828;0;11545;c(952238.884761987, 6510799.85259511)
"7-166";"HAUTES BAUGES";1285,94484387241;34,3719599602376;0,513634776250076;0,000203538448582004;25,4745921817773;4,47628283782321;0;7119;c(952861.289366164, 6510678.58781757)
"7-167";"HAUTES BAUGES";1270,24465362682;34,1956021785263;0,568325536227363;0,000254719044614322;82,6336084300388;5,41756102634449;0;7112;c(952715.18734924, 6510535.97455568)
"7-168";"HAUTES BAUGES";1335,74011190922;36,3147554380917;0,544685524880596;0,000284182781202631;99,4457570967001;2,38086316597259;0;297;c(952714.790788907, 6510374.12073318)
"7-169";"HAUTES BAUGES";1145,61848631488;29,9570476745472;-0,266094097313306;0,000179606776973159;38,9435155350229;17,4874080445715;0;18412;c(952272.524693122, 6510645.69820208)
"7-170";"HAUTES BAUGES";1277,74388586448;33,0145997696919;-0,314764780435316;0,000190562098289635;64,7771468353637;11,566165401909;0;12974;c(952273.034153856, 6511284.13096)
"7-171";"HAUTES BAUGES";1268,40805958912;32,0426269131699;-0,311375727396025;0,000176147742139677;73,7788736624072;11,2091844909639;2;15325;c(952253.311446668, 6511198.3767576)
"7-172";"HAUTES BAUGES";880,837190167064;25,5790249137119;0,513927328797291;0,000125489146857149;20,9968587538558;6,81144236931761;1;12430;c(948222.777300019, 6509565.5956186)
"7-173";"HAUTES BAUGES";897,629278789842;26,1273002310236;0,505003142150798;0,000128779544968864;37,2243133106609;6,79101528186345;1;12610;c(948280.911417266, 6509471.17741151)
"7-174";"HAUTES BAUGES";936,921010217089;27,8559709761938;0,607312024103875;0,000148525014224213;79,0058186079874;6,28328517135918;2;18614;c(948319.521168413, 6509313.98306713)
"7-175";"HAUTES BAUGES";948,624069466321;29,5166359639912;0,681252828616869;0,000242128350170194;130,613569541299;5,29574281473485;2;19897;c(948467.302245006, 6509187.81947796)
"7-176";"HAUTES BAUGES";935,123308249258;29,9456193677388;0,595779501637764;0,000252378920896655;28,0616955959219;5,73307284712364;0;15905;c(948606.083203751, 6509176.63202071)
"7-177";"HAUTES BAUGES";1212,03989654648;35,5366848438718;0,890381163888792;0,000190718696798772;206,207922757526;0,385712318023764;2;8469;c(950725.089652165, 6509625.95183285)
"7-178";"HAUTES BAUGES";1256,27510431304;35,689948805657;0,849870392382695;0,000179809214789972;127,463156980001;0,430208419712241;1;6270;c(950563.916185479, 6509473.47719502)
"7-179";"HAUTES BAUGES";1307,22279043046;34,1489650288788;0,483247619942327;0,000172118548625871;32,3841576118227;4,35958268270984;1;6631;c(950165.995123836, 6509094.24560782)
"7-180";"HAUTES BAUGES";1083,04392187861;33,0909422636019;0,16943400645578;0,000137171951420035;24,2302654394012;14,1037782922136;2;2911;c(949599.546017064, 6508984.23036942)
"7-231";"HAUTES BAUGES";1519,61021001763;19,3388099895509;-0,44403667338123;8,72987636354838e-05;56,4762113344206;4,84288300596819;2;18839;c(952472.459984016, 6513207.7158319)
"7-232";"HAUTES BAUGES";1539,51563879264;19,2686758828208;-0,411045894402746;0,000101209986525969;158,825521724806;1,16940230957789;6;13724;c(952485.577078552, 6513338.48756168)
"7-238";"HAUTES BAUGES";1519,59035292711;16,6279956117778;-0,418707541816715;8,84021993280133e-05;227,505226260137;6,84302233241552;1;14884;c(952387.877255791, 6513363.30892638)
"7-265";"HAUTES BAUGES";1326,74517638763;29,8198109186286;-0,508157125502929;0,000197176267523904;19,7062008015065;3,63794838495681;9;5877;c(952991.21868536, 6511378.84908516)
"7-271";"HAUTES BAUGES";1088,04412517995;28,7678305728234;-0,598145670601173;0,000137147068688611;289,367778869164;1,76459873250661;2;7331;c(947766.752739483, 6512645.81490604)
"7-272";"HAUTES BAUGES";1149,40830843946;28,7042895997227;-0,535287856514954;0,000160830172379719;417,935420029967;1,14255636730598;0;10307;c(947716.825954992, 6512881.03859328)
"7-274";"HAUTES BAUGES";986,995025193769;23,5602681664581;-0,635893356986622;0,000103342785409904;248,039027847119;2,23262998695633;1;4736;c(947537.842295441, 6512401.00521006)
"7-275";"HAUTES BAUGES";1155,95192538881;30,6526447492312;-0,704185608990371;0,000185883005939056;256,261952044751;1,60831506156181;0;4891;c(947939.794296169, 6512784.20025872)
"7-276";"HAUTES BAUGES";1092,89240032644;25,2252037378024;-0,49676711589156;0,000115572502081708;320,217441275232;1,09861219647947;0;18447;c(947576.520277703, 6512831.29277968)
"7-277";"HAUTES BAUGES";1026,60407259147;25,5903053919427;-0,302797149456634;9,41706916172279e-05;459,760353228036;0,693147446420941;6;13308;c(945105.262427939, 6514172.43013324)
"7-278";"HAUTES BAUGES";972,380121443632;28,6478743116358;-0,252670566207605;8,78585971432445e-05;396,825536407671;0,703957835558679;16;13861;c(945099.157346491, 6513811.79984092)
"7-279";"HAUTES BAUGES";837,642572712676;29,8973406852881;-0,623886112396591;0,000141833067419396;241,153476538562;4,06225754764716;7;12781;c(945156.699311445, 6513184.85495669)
"7-280";"HAUTES BAUGES";769,295648780324;22,6540579284414;-0,650697013881285;0,000109551999842535;78,6403128609817;13,1151126965654;2;306;c(945275.345548025, 6512924.06108549)
"7-281";"HAUTES BAUGES";1183,22578734432;24,3969863667136;-0,20546782037862;0,00010345739415349;72,2625173617525;1,26735535738129;2;18392;c(945331.631209861, 6514702.01226278)
"7-282";"HAUTES BAUGES";827,094090214321;24,2056687363601;-0,56020747112711;8,04302654260649e-05;208,009999859896;12,7830677419627;0;18391;c(944834.496296976, 6513708.17364432)
"7-283";"HAUTES BAUGES";721,048532157751;19,7581632764036;0,446939052634418;0,000129342013180861;36,4720562248652;20,1749234708936;2;19107;c(944138.111011301, 6513128.68935872)
"7-284";"HAUTES BAUGES";901,053176436105;21,784299341312;0,802819421320681;0,000100885989008513;116,836226683852;0,942473304931683;2;22256;c(944416.598933883, 6512170.1312496)
"7-288";"HAUTES BAUGES";721,508233425972;13,3711674090069;0,636853330824593;5,11572031239117e-05;177,297185344167;9,2123494547412;2;15606;c(944553.689940181, 6512774.416957)
"7-290";"HAUTES BAUGES";860,654952844084;23,4724651542366;0,640603316393575;8,52242169759034e-05;131,043755297058;0,852475052705552;1;20237;c(944220.483228086, 6512484.54582156)
"7-292";"HAUTES BAUGES";870,947422260931;25,2982937729294;-0,479605970355338;0,000103651538052277;247,24800148099;10,494243018817;0;19362;c(945210.174064262, 6507912.04306548)
"7-293";"HAUTES BAUGES";1039,34084184039;22,5436167910526;0,228350098217031;0,000110756534904984;40,1577138018294;0,496405405595339;0;13512;c(943894.514527598, 6505381.62851545)
"7-294";"HAUTES BAUGES";1026,70039987036;22,7379923960831;0,200420670150449;9,21385134297119e-05;96,6261006711163;0,625349804418745;0;13722;c(943978.934245866, 6505207.05510014)
"7-295";"HAUTES BAUGES";908,578574142531;15,6663381766156;0,321422673883453;4,96392086306351e-05;20,9159303296493;0,715974351982774;0;17156;c(944299.572352407, 6505777.7844765)
"7-296";"HAUTES BAUGES";826,198015613386;25,338537556321;-0,166300029779513;6,77498471743629e-05;26,4711615200095;2,63324778203816;1;25709;c(946018.160125195, 6510543.75076887)
"7-297";"HAUTES BAUGES";881,818137730085;29,2296238426337;-0,152239640483508;7,81083408526006e-05;56,9597212942257;1,38058340032945;1;16715;c(945899.584058055, 6510464.84313973)
"7-298";"HAUTES BAUGES";869,002040474356;14,4806127400834;0,0547589701522314;5,0493279995154e-05;244,218980605986;12,2572081530768;0;15313;c(944510.440296818, 6505436.26828281)
"7-299";"HAUTES BAUGES";899,898144088149;17,8724594985781;-0,154989788798386;5,40610609604958e-05;120,706320965199;1,26502163114885;0;19912;c(944343.541123887, 6505198.91789205)
"7-300";"HAUTES BAUGES";931,680885968056;16,4214893979845;0,299386139842613;6,31281076861717e-05;66,1643084579446;0,687525826809282;0;16419;c(944220.975683733, 6505700.53070801)
"7-301";"HAUTES BAUGES";869,583709894652;23,417780408309;-0,344452439586258;8,71280888173146e-05;295,083770893452;8,2922798199824;5;12833;c(945574.314638943, 6508545.342784)
"7-302";"HAUTES BAUGES";982,791313613959;19,6502563368339;0,228717976797488;8,62049211427268e-05;55,579882048665;0,602434886737851;0;17415;c(944049.985177386, 6505568.1225885)
"7-303";"HAUTES BAUGES";886,050888308908;25,9904028935707;-0,412305130106435;8,65607438746817e-05;200,986265745839;10,5721188849128;0;11682;c(944981.291156451, 6507554.33332487)
"7-304";"HAUTES BAUGES";1187,04333367468;28,1835485868324;0,586658087896667;0,000210920802944805;53,2286665329026;4,33307799991005;0;15252;c(947916.338605806, 6508903.8235337)
"7-305";"HAUTES BAUGES";1077,48786597866;29,4036192215227;0,599111621280807;0,000185982712580763;19,8855454845459;5,55808210359721;0;6951;c(948024.527816165, 6509168.65634042)
"7-306";"HAUTES BAUGES";997,590966623453;21,577090788781;0,300895551345627;8,21174696691844e-05;70,5330170583768;1,10980429637209;1;13996;c(945031.31537973, 6504199.8714792)
"7-307";"HAUTES BAUGES";883,46241125304;16,5973857646729;0,494479050411886;7,58585301110371e-05;147,217078324167;9,14109483531651;0;22927;c(944842.839433915, 6504705.04926705)
"7-308";"HAUTES BAUGES";1210,05230340769;27,5772866452877;0,480695739090792;0,000119641885212139;214,536868014812;0,397005972033063;2;7143;c(947066.164062748, 6507405.4816854)
"7-309";"HAUTES BAUGES";1305,72545559965;28,6925395310863;0,458590777419121;0,000198851340771365;527,446212365269;0,409931366775222;0;12800;c(947068.757174788, 6507010.80833141)
"7-311";"HAUTES BAUGES";1049,55264051138;24,4971919294191;0,520781173091071;8,17428558521307e-05;132,36117495707;0,664116086086311;1;18423;c(946874.080270448, 6507723.85719898)
"7-312";"HAUTES BAUGES";1174,17561315438;26,8870525089539;0,424469114536162;9,74789424960243e-05;170,219100977493;0,532644536334018;2;7902;c(947535.47088706, 6508648.33487227)
"7-313";"HAUTES BAUGES";1091,53593078658;25,3019220463167;0,473330904980692;9,54823742081075e-05;302,970574958199;0,551460966631576;1;11697;c(946645.378299232, 6507155.33266363)
"7-314";"HAUTES BAUGES";981,647534233831;19,9878106045905;0,558182396032952;7,30890121575372e-05;41,0958753547385;1,22608415767828;0;26298;c(946050.518612264, 6506762.81099093)
"7-315";"HAUTES BAUGES";960,889185764391;24,6813736939346;0,509466856123435;0,000117019475381116;115,585817415616;0,936021881702747;0;8231;c(945606.997047912, 6506309.03804152)
"7-316";"HAUTES BAUGES";909,767237466593;26,2439277968239;0,284175216583414;8,74105144273527e-05;20,2491850138327;0,811228971680199;0;26598;c(945258.540453052, 6505640.63518852)
"7-317";"HAUTES BAUGES";912,057057142286;25,3232919880363;0,416334849942672;0,000113257031592995;103,762720923518;0,798755282949653;1;22778;c(945127.934542291, 6505209.14378729)
"7-318";"HAUTES BAUGES";1004,68213449167;14,1605466498652;0,0963553071005134;8,11280649949151e-05;32,8126959919381;12,9340107016511;1;2659;c(944925.582390485, 6503756.17681921)
"7-319";"HAUTES BAUGES";1020,26447361703;27,9126420284897;-0,352067133417875;0,000101283938291508;124,816604959132;5,3104915392173;0;15113;c(948499.589350885, 6510383.48585937)
"7-321";"HAUTES BAUGES";1080,08002733041;30,9027591705571;-0,513811804949899;0,000160343571319812;25,210936672945;4,89197192937086;0;1969;c(948707.313195144, 6510256.80543658)
"7-322";"HAUTES BAUGES";1216,4983892199;29,0577358476202;-0,0920580455602628;8,26553356765481e-05;83,9090325231486;2,77450470557811;0;14486;c(948757.488795946, 6511209.53252024)
"7-323";"HAUTES BAUGES";1168,56514917005;28,9244891445995;-0,521710408543192;0,000170371408188174;23,8053991718525;5,38700990210341;0;5796;c(948917.973739631, 6510354.90138857)
"7-324";"HAUTES BAUGES";891,366863173462;30,3647440828831;-0,170495641617427;9,47353087021004e-05;88,2611838358695;1,11323857431387;1;13155;c(945779.855300169, 6509904.37022232)
"7-325";"HAUTES BAUGES";956,379601314546;28,213390164262;-0,210423815400216;8,63370154228224e-05;65,3575214185848;0,84042192847455;4;19542;c(945507.462691425, 6509251.29603736)
"7-326";"HAUTES BAUGES";915,800513837495;27,8239350990031;-0,522245363275254;8,7159462301305e-05;105,902997367241;7,12709036681387;0;17242;c(944774.472967643, 6507322.32219192)
"7-327";"HAUTES BAUGES";942,151427944166;28,1621881580453;-0,37150998600472;7,51065924164295e-05;251,149099594438;0,508807585219167;2;18917;c(944419.987353631, 6506765.87156622)
"7-328";"HAUTES BAUGES";1041,93674017682;24,4819373166683;-0,578509456312426;0,000132571000688483;43,1530227132813;5,38340522602979;0;12175;c(948308.201402021, 6512637.15133858)
